{
  "p75": 38.20716807909605,
  "p95": 58.82,
  "p99": 68.26441271186441,
  "wind_median": 1.98
}